delete from instructor;
delete from course;
delete from section_;
delete from teach;
delete from review;
delete from user_;
SET FOREIGN_KEY_CHECKS=0;
insert into instructor values ('12121', 'Wu', '123@gmail.com', 'B101',0);
insert into instructor values ('15151', 'Mozart', '123@gmail.com', 'B101',0);
insert into instructor values ('22222', 'Einstein', '123@gmail.com', 'B101',0);
insert into instructor values ('32343', 'El Said', '123@gmail.com', 'B101',0);
insert into instructor values ('33456', 'Gold', '123@gmail.com', 'B101',0);
insert into instructor values ('45565', 'Katz', '123@gmail.com', 'B101',0);
insert into instructor values ('58583', 'Califieri', '123@gmail.com', 'B101',0);
insert into instructor values ('76543', 'Singh', '123@gmail.com', 'B101',0);
insert into instructor values ('76766', 'Crick', '123@gmail.com', 'B101',0);
insert into instructor values ('83821', 'Brandt', '123@gmail.com', 'B101',0);
insert into instructor values ('98345', 'Kim', '123@gmail.com', 'B101',0);
insert into instructor values ('10101', 'Srinivasan', '123@gmail.com', 'B101',0);
insert into course values ('BIO-101', 'Intro. to Biology','4','選修');
insert into course values ('BIO-301', 'Genetics', '4','必修');
insert into course values ('BIO-399', 'Computational Biology','3','必選修');
insert into course values ('CS-101', 'Intro. to Computer Science','4','必修');
insert into course values ('CS-190', 'Game Design', '4','選修');
insert into course values ('CS-315', 'Robotics', '3','必選修');
insert into course values ('CS-319', 'Image Processing', '3','必修');
insert into course values ('CS-347', 'Database System Concepts','3','選修');
insert into course values ('EE-181', 'Intro. to Digital Systems', '3','必修');
insert into course values ('FIN-201', 'Investment Banking','3','必修');
insert into course values ('HIS-351', 'World History','3','選修');
insert into course values ('MU-199', 'Music Video Production','3','必修');
insert into course values ('PHY-101', 'Physical Principles', '4','選溪');
insert into section_ values ('BIO-101', 1, 1, '2009');
insert into section_ values ('BIO-301', 1, 2, '2010');
insert into section_ values ('CS-101', 1, 2, '2009');
insert into section_ values ('CS-101', 1, 2, '2010');
insert into section_ values ('CS-190', 1, 1, '2009');
insert into section_ values ('CS-190', 2, 1, '2009');
insert into section_ values ('CS-315', 1, 2, '2010');
insert into section_ values ('CS-319', 1, 1, '2010');
insert into section_ values ('CS-319', 2, 2, '2010');
insert into section_ values ('CS-347', 1, 1, '2009');
insert into section_ values ('EE-181', 1, 1, '2009');
insert into section_ values ('FIN-201', 1, 1, '2010');
insert into section_ values ('HIS-351', 1, 2, '2010');
insert into section_ values ('MU-199', 1, 2, '2010');
insert into section_ values ('PHY-101', 1, 1, '2009');
insert into teach values ('10101', 'CS-101', 1, 2, '2009');
insert into teach values ('10101', 'CS-315', 1, 2, '2010');
insert into teach values ('10101', 'CS-347', 1, 1, '2009');
insert into teach values ('12121', 'FIN-201', 1, 1, '2010');
insert into teach values ('15151', 'MU-199', 1, 2, '2010');
insert into teach values ('22222', 'PHY-101', 1, 1, '2009');
insert into teach values ('32343', 'HIS-351', 1, 2, '2010');
insert into teach values ('45565', 'CS-101', 1, 2, '2010');
insert into teach values ('45565', 'CS-319', 1, 1, '2010');
insert into teach values ('76766', 'BIO-101', 1, 1, '2009');
insert into teach values ('76766', 'BIO-301', 1, 2, '2010');
insert into teach values ('83821', 'CS-190', 1, 1, '2009');
insert into teach values ('83821', 'CS-190', 2, 1, '2009');
insert into teach values ('83821', 'CS-319', 2, 2, '2010');
insert into teach values ('98345', 'EE-181', 1, 1, '2009');
insert into user_ values ('wang','paulpuawng','12345678',1);
insert into review values('0000',50,'bad','current_time()','CS-101',1, 2, '2009','wang');
insert into review values('0001',80,'good','current_time()','CS-315',1, 2, '2010','wang');

